,ID,First_name,Last_name,State,Gender,Age,GPA,Days_missed,Graduated
0,1,Wayne,Boyd,Florida,Male,1.0,1.0,1.0,Yes
1,2,Ann,Matthews,Pennsylvania,Female,2.0,2.0,2.0,Yes
2,3,George,Matthews,Texas,Male,3.0,3.0,3.0,Yes
3,4,Jerry,Ramos,California,Male,4.0,4.0,4.0,No
4,5,Andrea,Carroll,North Carolina,Female,5.0,5.0,5.0,No
5,6,Annie,Fisher,Virginia,Female,6.0,6.0,6.0,Yes
6,7,Stephanie,Barnes,Oklahoma,Female,7.0,7.0,7.0,No
7,8,Janet,Jenkins,Louisiana,Female,8.0,8.0,8.0,Yes
8,9,Betty,Miller,,Female,9.0,9.0,9.0,No
9,10,Henry,Woods,Colorado,Male,10.0,10.0,10.0,Yes
10,11,Stephanie,Harris,,Female,11.0,11.0,11.0,Yes
11,12,Samuel,George,Georgia,Male,12.0,12.0,12.0,No
12,13,Todd,Phillips,Indiana,Male,13.0,13.0,13.0,Yes
13,14,Nicholas,Rice,Florida,Male,14.0,14.0,14.0,No
14,15,Jacqueline,Wallace,New York,Female,15.0,15.0,15.0,No
15,16,Phyllis,Burton,Texas,Female,16.0,16.0,16.0,No
16,17,Sandra,Hudson,,Female,17.0,17.0,17.0,Yes
17,18,Karen,Bell,Mississippi,Female,18.0,18.0,18.0,No
18,19,Lori,Patterson,New York,Female,19.0,19.0,19.0,Yes
19,20,Ann,Banks,Pennsylvania,Female,20.0,20.0,20.0,Yes
20,21,Sara,Williams,,Female,21.0,21.0,21.0,Yes
21,22,Benjamin,Butler,Connecticut,Male,22.0,22.0,22.0,Yes
22,23,Lori,Lopez,,Female,23.0,23.0,23.0,No
23,24,Ryan,Porter,New York,Male,24.0,24.0,24.0,No
24,25,Anthony,Burke,Texas,Male,25.0,25.0,25.0,No
25,26,Katherine,Rodriguez,Arizona,Female,26.0,26.0,26.0,Yes
26,27,Harry,Larson,,Male,27.0,27.0,27.0,No
27,28,Joyce,Patterson,Virginia,Female,28.0,28.0,28.0,Yes
28,29,Jonathan,Wells,Indiana,Male,29.0,29.0,29.0,Yes
29,30,Jesse,Hamilton,New York,Male,30.0,30.0,30.0,No
30,31,Susan,Evans,South Dakota,Female,31.0,31.0,31.0,No
31,32,Kathleen,Lee,New Jersey,Female,32.0,32.0,32.0,No
32,33,Steven,Cooper,Arizona,Male,33.0,33.0,33.0,Yes
33,34,Shawn,Fisher,Indiana,Male,34.0,34.0,34.0,No
34,35,Arthur,Campbell,Texas,Male,35.0,35.0,35.0,Yes
35,36,Harold,Flores,New Mexico,Male,36.0,36.0,36.0,Yes
36,37,Bonnie,Parker,California,Female,37.0,37.0,37.0,No
37,38,Doris,Holmes,California,Female,38.0,38.0,38.0,Yes
38,39,Anna,Bradley,Virginia,Female,39.0,39.0,39.0,Yes
39,40,Ruth,Lopez,Ohio,Female,40.0,40.0,40.0,Yes
40,41,Wanda,Richards,Texas,Female,41.0,41.0,41.0,Yes
41,42,Jimmy,Kelly,Louisiana,Male,42.0,42.0,42.0,Yes
42,43,Marilyn,Marshall,New York,Female,43.0,43.0,43.0,Yes
43,44,Donna,Jackson,Ohio,Female,44.0,44.0,44.0,Yes
44,45,Judy,Boyd,Louisiana,Female,45.0,45.0,45.0,Yes
45,46,Irene,Johnson,Utah,Female,46.0,46.0,46.0,No
46,47,Frank,Ortiz,Florida,Male,47.0,47.0,47.0,Yes
47,48,Mark,Wheeler,California,Male,48.0,48.0,48.0,No
48,49,Aaron,Reed,Washington,Male,49.0,49.0,49.0,No
49,50,Christina,Little,Ohio,Female,50.0,50.0,50.0,Yes
50,51,Diana,Ross,Texas,Female,51.0,51.0,51.0,Yes
51,52,William,Cooper,New York,Male,52.0,52.0,52.0,Yes
52,53,Joseph,Nichols,Virginia,Male,53.0,53.0,53.0,No
53,54,Stephen,Bailey,Connecticut,Male,54.0,54.0,54.0,Yes
54,55,Harold,Powell,Tennessee,Male,55.0,55.0,55.0,Yes
55,56,Kathleen,Cole,Texas,Female,56.0,56.0,56.0,No
56,57,Marilyn,Simmons,South Carolina,Female,57.0,57.0,57.0,Yes
57,58,Susan,Roberts,Pennsylvania,Female,58.0,58.0,58.0,Yes
58,59,Samuel,Elliott,Connecticut,Male,59.0,59.0,59.0,No
59,60,Irene,Collins,District of Columbia,Female,60.0,60.0,60.0,No
60,61,Joshua,Lewis,Missouri,Male,61.0,61.0,61.0,Yes
61,62,Raymond,Hudson,Nebraska,Male,62.0,62.0,62.0,Yes
62,63,Philip,Gomez,Florida,Male,63.0,63.0,63.0,No
63,64,Christopher,Wood,Arizona,Male,64.0,64.0,64.0,No
64,65,Sarah,Garcia,Florida,Female,65.0,65.0,65.0,No
65,66,Antonio,Palmer,Missouri,Male,66.0,66.0,66.0,No
66,67,Ralph,Jacobs,Florida,Male,67.0,67.0,67.0,No
67,68,Patrick,Washington,Virginia,Male,68.0,68.0,68.0,Yes
68,69,Henry,Howell,California,Male,69.0,69.0,69.0,No
69,70,Lois,Chavez,Minnesota,Female,70.0,70.0,70.0,Yes
70,71,Melissa,Dunn,Massachusetts,Female,71.0,71.0,71.0,Yes
71,72,Eric,Roberts,California,Male,72.0,72.0,72.0,Yes
72,73,Timothy,Smith,California,Male,73.0,73.0,73.0,Yes
73,74,Kelly,Wheeler,New York,Female,74.0,74.0,74.0,No
74,75,Earl,Watson,Texas,Male,75.0,75.0,75.0,Yes
75,76,Fred,Owens,Texas,Male,76.0,76.0,76.0,Yes
76,77,Emily,Frazier,California,Female,77.0,77.0,77.0,Yes
77,78,James,Fowler,District of Columbia,Male,78.0,78.0,78.0,No
78,79,Johnny,Myers,Georgia,Male,79.0,79.0,79.0,Yes
79,80,Melissa,Harper,Kansas,Female,80.0,80.0,80.0,No
80,81,Joan,Reyes,California,Female,81.0,81.0,81.0,No
81,82,Keith,Sanchez,New York,Male,82.0,82.0,82.0,Yes
82,83,Craig,Tucker,Indiana,Male,83.0,83.0,83.0,No
83,84,Judith,Nguyen,Missouri,Female,84.0,84.0,84.0,Yes
84,85,Kenneth,Ramirez,,Male,85.0,85.0,85.0,Yes
85,86,Margaret,Scott,North Carolina,Female,86.0,86.0,86.0,Yes
86,87,Martha,Moreno,Kentucky,Female,87.0,87.0,87.0,Yes
87,88,Sandra,Nguyen,,Female,88.0,88.0,88.0,No
88,89,Albert,Willis,Utah,Male,89.0,89.0,89.0,Yes
89,90,Shirley,Wheeler,Ohio,Female,90.0,90.0,90.0,No
90,91,Heather,Olson,Texas,Female,91.0,91.0,91.0,No
91,92,Lois,Hanson,Washington,Female,92.0,92.0,92.0,Yes
92,93,Diane,Stanley,Ohio,Female,93.0,93.0,93.0,Yes
93,94,Jack,Williamson,Florida,Male,94.0,94.0,94.0,Yes
94,95,Earl,Walker,Louisiana,Male,95.0,95.0,95.0,No
95,96,Justin,Gardner,Nebraska,Male,96.0,96.0,96.0,Yes
96,97,Edward,Hughes,California,Male,97.0,97.0,97.0,Yes
97,98,Lisa,Harper,Florida,Female,98.0,98.0,98.0,Yes
98,99,Amy,Alexander,,Female,99.0,99.0,99.0,No
99,100,Emily,Bradley,,Female,100.0,100.0,100.0,Yes
100,101,Diana,Evans,Texas,Female,101.0,101.0,101.0,Yes
101,102,Juan,Romero,Texas,Male,102.0,102.0,102.0,No
102,103,Debra,Woods,,Female,103.0,103.0,103.0,Yes
103,104,Donna,Cooper,Florida,Female,104.0,104.0,104.0,Yes
104,105,Jason,Wright,Virginia,Male,105.0,105.0,105.0,Yes
105,106,Mary,Sanchez,Michigan,Female,106.0,106.0,106.0,No
106,107,Steven,Welch,New York,Male,107.0,107.0,107.0,No
107,108,Debra,Larson,Virginia,Female,108.0,108.0,108.0,Yes
108,109,Carlos,Gibson,Connecticut,Male,109.0,109.0,109.0,Yes
109,110,Janet,Johnson,Virginia,Female,110.0,110.0,110.0,Yes
110,111,Kathryn,Welch,Colorado,Female,111.0,111.0,111.0,Yes
111,112,Kathleen,Dixon,New York,Female,112.0,112.0,112.0,No
112,113,Harold,Rivera,,Male,113.0,113.0,113.0,No
113,114,Nancy,Olson,Illinois,Female,114.0,114.0,114.0,Yes
114,115,Daniel,Jacobs,Missouri,Male,115.0,115.0,115.0,Yes
115,116,Eugene,Ferguson,Connecticut,Male,116.0,116.0,116.0,No
116,117,Johnny,Webb,South Carolina,Male,117.0,117.0,117.0,No
117,118,Lillian,Frazier,Nebraska,Female,118.0,118.0,118.0,Yes
118,119,Stephanie,Gomez,,Female,119.0,119.0,119.0,No
119,120,Linda,Wagner,New York,Female,120.0,120.0,120.0,No
120,121,Carlos,Oliver,Florida,Male,121.0,121.0,121.0,No
121,122,Jose,Diaz,,Male,122.0,122.0,122.0,No
122,123,William,Sanchez,,Male,123.0,123.0,123.0,No
123,124,Eugene,Harper,Louisiana,Male,124.0,124.0,124.0,Yes
124,125,Louis,Lewis,Utah,Male,125.0,125.0,125.0,Yes
125,126,Janice,Watson,,Female,126.0,126.0,126.0,Yes
126,127,Shawn,Grant,Florida,Male,127.0,127.0,127.0,Yes
127,128,Margaret,Johnston,Texas,Female,128.0,128.0,128.0,Yes
128,129,Laura,Ford,Texas,Female,129.0,129.0,129.0,No
129,130,Lillian,Perez,Colorado,Female,130.0,130.0,130.0,Yes
130,131,Jose,Morgan,Pennsylvania,Male,131.0,131.0,131.0,No
131,132,Andrew,Meyer,,Male,132.0,132.0,132.0,Yes
132,133,Joshua,Lynch,Connecticut,Male,133.0,133.0,133.0,Yes
133,134,Sean,Sanders,New York,Male,134.0,134.0,134.0,No
134,135,Bruce,Williamson,Minnesota,Male,135.0,135.0,135.0,Yes
135,136,Harry,Reid,Mississippi,Male,136.0,136.0,136.0,No
136,137,Beverly,Wallace,Colorado,Female,137.0,137.0,137.0,No
137,138,Elizabeth,Ryan,Washington,Female,138.0,138.0,138.0,Yes
138,139,James,Russell,Florida,Male,139.0,139.0,139.0,No
139,140,Judith,Warren,,Female,140.0,140.0,140.0,No
140,141,Jesse,Woods,,Male,141.0,141.0,141.0,Yes
141,142,Lori,Alvarez,Tennessee,Female,142.0,142.0,142.0,Yes
142,143,Sara,Collins,Minnesota,Female,143.0,143.0,143.0,Yes
143,144,Nicholas,Graham,Georgia,Male,144.0,144.0,144.0,Yes
144,145,Sara,Armstrong,Georgia,Female,145.0,145.0,145.0,Yes
145,146,Ernest,Harper,Alaska,Male,146.0,146.0,146.0,Yes
146,147,Willie,Fisher,Ohio,Male,147.0,147.0,147.0,Yes
147,148,Alan,Daniels,Minnesota,Male,148.0,148.0,148.0,No
148,149,Jason,Moreno,Virginia,Male,149.0,149.0,149.0,Yes
149,150,Rose,Brooks,District of Columbia,Female,150.0,150.0,150.0,Yes
150,151,Shawn,Green,,Male,151.0,151.0,151.0,Yes
151,152,Fred,Henderson,Nevada,Male,152.0,152.0,152.0,No
152,153,Evelyn,Watson,New Jersey,Female,153.0,153.0,153.0,Yes
153,154,Wanda,Hawkins,Minnesota,Female,154.0,154.0,154.0,Yes
154,155,Clarence,Baker,New York,Male,155.0,155.0,155.0,Yes
155,156,Juan,Bradley,Kentucky,Male,156.0,156.0,156.0,No
156,157,Anne,Stone,New York,Female,157.0,157.0,157.0,No
157,158,Raymond,Davis,New Mexico,Male,158.0,158.0,158.0,Yes
158,159,Sharon,Fuller,Texas,Female,159.0,159.0,159.0,Yes
159,160,Raymond,James,Florida,Male,160.0,160.0,160.0,No
160,161,Evelyn,Berry,,Female,161.0,161.0,161.0,No
161,162,Brandon,Bryant,Delaware,Male,162.0,162.0,162.0,Yes
162,163,Maria,Medina,Missouri,Female,163.0,163.0,163.0,No
163,164,Pamela,Phillips,Washington,Female,164.0,164.0,164.0,No
164,165,Eugene,Weaver,Washington,Male,165.0,165.0,165.0,No
165,166,Janet,Martin,Kansas,Female,166.0,166.0,166.0,Yes
166,167,Angela,Marshall,Tennessee,Female,167.0,167.0,167.0,No
167,168,Tina,Lopez,Nevada,Female,168.0,168.0,168.0,Yes
168,169,Matthew,Cox,District of Columbia,Male,169.0,169.0,169.0,No
169,170,Louise,Morales,Alaska,Female,170.0,170.0,170.0,Yes
170,171,Annie,Oliver,District of Columbia,Female,171.0,171.0,171.0,Yes
171,172,Gregory,Diaz,Michigan,Male,172.0,172.0,172.0,No
172,173,Carolyn,Matthews,Connecticut,Female,173.0,173.0,173.0,No
173,174,Marilyn,Martinez,Florida,Female,174.0,174.0,174.0,No
174,175,Carolyn,Daniels,Louisiana,Female,175.0,175.0,175.0,No
175,176,Larry,Ross,Tennessee,Male,176.0,176.0,176.0,Yes
176,177,Brandon,Carpenter,Florida,Male,177.0,177.0,177.0,Yes
177,178,Andrea,Fox,Texas,Female,178.0,178.0,178.0,Yes
178,179,Victor,Ferguson,California,Male,179.0,179.0,179.0,Yes
179,180,Katherine,Alexander,Florida,Female,180.0,180.0,180.0,No
180,181,John,Bailey,Virginia,Male,181.0,181.0,181.0,Yes
181,182,Eric,Hill,Georgia,Male,182.0,182.0,182.0,Yes
182,183,Randy,Jacobs,Florida,Male,183.0,183.0,183.0,No
183,184,Patricia,Welch,Nevada,Female,184.0,184.0,184.0,Yes
184,185,Tammy,Flores,,Female,185.0,185.0,185.0,No
185,186,Mark,Meyer,South Carolina,Male,186.0,186.0,186.0,No
186,187,Brian,Snyder,,Male,187.0,187.0,187.0,No
187,188,Walter,Brown,District of Columbia,Male,188.0,188.0,188.0,Yes
188,189,Patrick,Daniels,Colorado,Male,189.0,189.0,189.0,No
189,190,Diane,Collins,Louisiana,Female,190.0,190.0,190.0,Yes
190,191,Irene,Warren,Kansas,Female,191.0,191.0,191.0,Yes
191,192,Janet,Gibson,Tennessee,Female,192.0,192.0,192.0,Yes
192,193,Eugene,Porter,Kentucky,Male,193.0,193.0,193.0,No
193,194,Amy,Sullivan,Missouri,Female,194.0,194.0,194.0,Yes
194,195,George,Rogers,Michigan,Male,195.0,195.0,195.0,No
195,196,Cheryl,Simmons,Virginia,Female,196.0,196.0,196.0,Yes
196,197,Maria,Torres,,Female,197.0,197.0,197.0,Yes
197,198,Jonathan,Lewis,District of Columbia,Male,198.0,198.0,198.0,Yes
198,199,Jeremy,Dixon,Virginia,Male,199.0,199.0,199.0,Yes
199,200,Raymond,Campbell,Texas,Male,200.0,200.0,200.0,No
200,201,Heather,Foster,,Female,201.0,201.0,201.0,Yes
201,202,Gary,Reid,Pennsylvania,Male,202.0,202.0,202.0,Yes
202,203,Peter,Mitchell,District of Columbia,Male,203.0,203.0,203.0,No
203,204,Jean,Mendoza,Alabama,Female,204.0,204.0,204.0,Yes
204,205,Diane,Rice,Texas,Female,205.0,205.0,205.0,No
205,206,Shawn,Hansen,Kansas,Male,206.0,206.0,206.0,No
206,207,Kathryn,Harris,Texas,Female,207.0,207.0,207.0,Yes
207,208,Jesse,Little,Georgia,Male,208.0,208.0,208.0,Yes
208,209,Joan,Ward,Ohio,Female,209.0,209.0,209.0,Yes
209,210,Frances,Arnold,District of Columbia,Female,210.0,210.0,210.0,Yes
210,211,Maria,Bowman,Virginia,Female,211.0,211.0,211.0,Yes
211,212,Robin,Perry,California,Female,212.0,212.0,212.0,Yes
212,213,Mary,Oliver,,Female,213.0,213.0,213.0,Yes
213,214,Catherine,Graham,,Female,214.0,214.0,214.0,No
214,215,Bonnie,Harris,Florida,Female,215.0,215.0,215.0,Yes
215,216,Jeremy,Wood,Nevada,Male,216.0,216.0,216.0,No
216,217,Joan,Hamilton,Arizona,Female,217.0,217.0,217.0,Yes
217,218,Terry,Rogers,Alabama,Male,218.0,218.0,218.0,Yes
218,219,Kenneth,Chapman,Illinois,Male,219.0,219.0,219.0,No
219,220,Anne,Diaz,Texas,Female,220.0,220.0,220.0,No
220,221,Carol,Welch,Texas,Female,221.0,221.0,221.0,No
221,222,Paula,Clark,Minnesota,Female,222.0,222.0,222.0,No
222,223,Gary,Nichols,Florida,Male,223.0,223.0,223.0,Yes
223,224,Jose,Snyder,,Male,224.0,224.0,224.0,No
224,225,Catherine,Barnes,Pennsylvania,Female,225.0,225.0,225.0,Yes
225,226,Jack,Henry,Texas,Male,226.0,226.0,226.0,No
226,227,Terry,Thomas,Montana,Male,227.0,227.0,227.0,Yes
227,228,Melissa,Patterson,New York,Female,228.0,228.0,228.0,Yes
228,229,Nancy,Bailey,Colorado,Female,229.0,229.0,229.0,No
229,230,Lisa,Knight,Louisiana,Female,230.0,230.0,230.0,Yes
230,231,Jesse,Medina,Washington,Male,231.0,231.0,231.0,No
231,232,Harry,Holmes,South Carolina,Male,232.0,232.0,232.0,Yes
232,233,Alan,Gonzales,Georgia,Male,233.0,233.0,233.0,Yes
233,234,Jerry,Webb,California,Male,234.0,234.0,234.0,No
234,235,Juan,Ross,Florida,Male,235.0,235.0,235.0,Yes
235,236,Amy,Gomez,New York,Female,236.0,236.0,236.0,Yes
236,237,Patrick,Willis,Illinois,Male,237.0,237.0,237.0,Yes
237,238,Carlos,Wallace,South Carolina,Male,238.0,238.0,238.0,Yes
238,239,Brenda,Marshall,Idaho,Female,239.0,239.0,239.0,No
239,240,Gloria,Brooks,Texas,Female,240.0,240.0,240.0,Yes
240,241,Christopher,Morgan,Texas,Male,241.0,241.0,241.0,No
241,242,Angela,Wagner,Texas,Female,242.0,242.0,242.0,No
242,243,Andrew,Lopez,Connecticut,Male,243.0,243.0,243.0,Yes
243,244,Matthew,Greene,Nevada,Male,244.0,244.0,244.0,No
244,245,Earl,Lawson,Massachusetts,Male,245.0,245.0,245.0,No
245,246,William,Matthews,,Male,246.0,246.0,246.0,No
246,247,Victor,Palmer,Idaho,Male,247.0,247.0,247.0,Yes
247,248,Phillip,Gonzalez,District of Columbia,Male,248.0,248.0,248.0,Yes
248,249,Diana,Jacobs,Florida,Female,249.0,249.0,249.0,No
249,250,Jerry,Sanders,Georgia,Male,250.0,250.0,250.0,No
250,251,Lisa,Owens,West Virginia,Female,251.0,251.0,251.0,No
251,252,Philip,Stone,California,Male,252.0,252.0,252.0,Yes
252,253,Frank,Vasquez,California,Male,253.0,253.0,253.0,Yes
253,254,Eugene,Scott,Florida,Male,254.0,254.0,254.0,No
254,255,Kathy,Lopez,Florida,Female,255.0,255.0,255.0,No
255,256,Justin,Wheeler,California,Male,256.0,256.0,256.0,Yes
256,257,Tina,Schmidt,North Carolina,Female,257.0,257.0,257.0,No
257,258,Ronald,Thomas,Florida,Male,258.0,258.0,258.0,No
258,259,Michelle,Bradley,District of Columbia,Female,259.0,259.0,259.0,Yes
259,260,Andrea,Warren,Florida,Female,260.0,260.0,260.0,Yes
260,261,Richard,Romero,Michigan,Male,261.0,261.0,261.0,No
261,262,Amanda,Reyes,Texas,Female,262.0,262.0,262.0,Yes
262,263,Richard,Collins,Kentucky,Male,263.0,263.0,263.0,Yes
263,264,Kenneth,Olson,Illinois,Male,264.0,264.0,264.0,Yes
264,265,Adam,Perry,Georgia,Male,265.0,265.0,265.0,No
265,266,Carl,Montgomery,,Male,266.0,266.0,266.0,Yes
266,267,Harold,Powell,Texas,Male,267.0,267.0,267.0,No
267,268,Donald,Little,Kentucky,Male,268.0,268.0,268.0,No
268,269,Amy,Schmidt,California,Female,269.0,269.0,269.0,Yes
269,270,Patricia,Hawkins,California,Female,270.0,270.0,270.0,Yes
270,271,Raymond,Hill,District of Columbia,Male,271.0,271.0,271.0,No
271,272,Laura,Watson,Louisiana,Female,272.0,272.0,272.0,Yes
272,273,Nicholas,Morgan,Minnesota,Male,273.0,273.0,273.0,Yes
273,274,Anthony,Franklin,Illinois,Male,274.0,274.0,274.0,No
274,275,Raymond,Shaw,Oregon,Male,275.0,275.0,275.0,Yes
275,276,Denise,Garza,North Carolina,Female,276.0,276.0,276.0,Yes
276,277,Bobby,Butler,District of Columbia,Male,277.0,277.0,277.0,Yes
277,278,Dennis,Baker,Ohio,Male,278.0,278.0,278.0,Yes
278,279,Brenda,Butler,Virginia,Female,279.0,279.0,279.0,No
279,280,Melissa,Morales,District of Columbia,Female,280.0,280.0,280.0,Yes
280,281,Amy,Franklin,Florida,Female,281.0,281.0,281.0,No
281,282,Juan,Hunt,California,Male,282.0,282.0,282.0,Yes
282,283,Brian,Gibson,California,Male,283.0,283.0,283.0,Yes
283,284,Kathy,Duncan,Florida,Female,284.0,284.0,284.0,No
284,285,Steve,Montgomery,Texas,Male,285.0,285.0,285.0,No
285,286,Amy,King,Indiana,Female,286.0,286.0,286.0,No
286,287,Christine,Freeman,Georgia,Female,287.0,287.0,287.0,No
287,288,Sean,Stephens,California,Male,288.0,288.0,288.0,No
288,289,Pamela,Hill,,Female,289.0,289.0,289.0,No
289,290,Patrick,Gonzalez,Arizona,Male,290.0,290.0,290.0,No
290,291,Matthew,Sullivan,Texas,Male,291.0,291.0,291.0,Yes
291,292,Joseph,Kelley,,Male,292.0,292.0,292.0,Yes
292,293,Anthony,Roberts,Colorado,Male,293.0,293.0,293.0,Yes
293,294,Andrew,Marshall,Louisiana,Male,294.0,294.0,294.0,Yes
294,295,Pamela,Armstrong,Washington,Female,295.0,295.0,295.0,No
295,296,Julia,Carr,Texas,Female,296.0,296.0,296.0,Yes
296,297,Ernest,Day,Florida,Male,297.0,297.0,297.0,No
297,298,Marie,Ford,Florida,Female,298.0,298.0,298.0,Yes
298,299,Clarence,Medina,District of Columbia,Male,299.0,299.0,299.0,Yes
299,300,Maria,King,California,Female,300.0,300.0,300.0,No
300,301,Evelyn,Robertson,Florida,Female,301.0,301.0,301.0,Yes
301,302,Mark,Frazier,Kentucky,Male,302.0,302.0,302.0,Yes
302,303,Lillian,Knight,Colorado,Female,303.0,303.0,303.0,No
303,304,George,Arnold,Florida,Male,304.0,304.0,304.0,No
304,305,Frances,Parker,Indiana,Female,305.0,305.0,305.0,No
305,306,David,Thompson,Texas,Male,306.0,306.0,306.0,Yes
306,307,Wayne,Diaz,Virginia,Male,307.0,307.0,307.0,Yes
307,308,Lawrence,Bradley,West Virginia,Male,308.0,308.0,308.0,Yes
308,309,Patricia,Hayes,Florida,Female,309.0,309.0,309.0,No
309,310,Helen,Jordan,South Carolina,Female,310.0,310.0,310.0,Yes
310,311,Stephanie,Moreno,Louisiana,Female,311.0,311.0,311.0,Yes
311,312,Emily,Edwards,New York,Female,312.0,312.0,312.0,No
312,313,Virginia,Howard,New York,Female,313.0,313.0,313.0,No
313,314,Anthony,Hart,Indiana,Male,314.0,314.0,314.0,Yes
314,315,Jacqueline,Gomez,,Female,315.0,315.0,315.0,Yes
315,316,Gloria,Hunter,California,Female,316.0,316.0,316.0,Yes
316,317,Timothy,Gardner,,Male,317.0,317.0,317.0,Yes
317,318,Gregory,Hunt,California,Male,318.0,318.0,318.0,Yes
318,319,Cynthia,Brown,Arizona,Female,319.0,319.0,319.0,Yes
319,320,Nicholas,Campbell,North Carolina,Male,320.0,320.0,320.0,Yes
320,321,Steve,Garcia,Vermont,Male,321.0,321.0,321.0,Yes
321,322,Catherine,Hanson,Virginia,Female,322.0,322.0,322.0,Yes
322,323,Jennifer,Gonzales,New York,Female,323.0,323.0,323.0,No
323,324,Judy,Reyes,New York,Female,324.0,324.0,324.0,No
324,325,Scott,Stone,Minnesota,Male,325.0,325.0,325.0,No
325,326,Ryan,Reed,Texas,Male,326.0,326.0,326.0,No
326,327,Randy,Mason,Virginia,Male,327.0,327.0,327.0,Yes
327,328,Victor,Day,North Carolina,Male,328.0,328.0,328.0,Yes
328,329,Karen,Vasquez,Delaware,Female,329.0,329.0,329.0,Yes
329,330,Gary,Medina,Michigan,Male,330.0,330.0,330.0,Yes
330,331,Donna,Torres,New York,Female,331.0,331.0,331.0,Yes
331,332,Doris,Scott,,Female,332.0,332.0,332.0,No
332,333,Donna,Hunter,,Female,333.0,333.0,333.0,No
333,334,Linda,Harvey,Alabama,Female,334.0,334.0,334.0,No
334,335,Patricia,Chapman,Ohio,Female,335.0,335.0,335.0,No
335,336,Kimberly,Reynolds,Georgia,Female,336.0,336.0,336.0,Yes
336,337,Annie,Morgan,Texas,Female,337.0,337.0,337.0,Yes
337,338,Jerry,Hanson,,Male,338.0,338.0,338.0,Yes
338,339,Jeffrey,Peterson,New Mexico,Male,339.0,339.0,339.0,No
339,340,Anthony,Daniels,Tennessee,Male,340.0,340.0,340.0,No
340,341,Anna,Day,Oklahoma,Female,341.0,341.0,341.0,No
341,342,Debra,Arnold,Florida,Female,342.0,342.0,342.0,Yes
342,343,Judith,Cunningham,California,Female,343.0,343.0,343.0,Yes
343,344,Deborah,Reynolds,Virginia,Female,344.0,344.0,344.0,Yes
344,345,Theresa,Garza,,Female,345.0,345.0,345.0,Yes
345,346,Angela,Sanchez,Nevada,Female,346.0,346.0,346.0,Yes
346,347,Timothy,George,Wisconsin,Male,347.0,347.0,347.0,No
347,348,Angela,Jordan,North Carolina,Female,348.0,348.0,348.0,Yes
348,349,Paula,Hunter,,Female,349.0,349.0,349.0,Yes
349,350,Harold,Evans,Colorado,Male,350.0,350.0,350.0,No
350,351,Sara,Burke,Kentucky,Female,351.0,351.0,351.0,No
351,352,Nancy,Bryant,New York,Female,352.0,352.0,352.0,Yes
352,353,Anna,Stephens,,Female,353.0,353.0,353.0,Yes
353,354,Joyce,Bryant,California,Female,354.0,354.0,354.0,No
354,355,Joyce,Baker,West Virginia,Female,355.0,355.0,355.0,No
355,356,Gary,Fernandez,Maryland,Male,356.0,356.0,356.0,No
356,357,Terry,Anderson,Washington,Male,357.0,357.0,357.0,Yes
357,358,Carlos,Murphy,Oklahoma,Male,358.0,358.0,358.0,No
358,359,Christina,Cox,Missouri,Female,359.0,359.0,359.0,No
359,360,Bonnie,Morrison,,Female,360.0,360.0,360.0,No
360,361,Steven,Hansen,Wisconsin,Male,361.0,361.0,361.0,Yes
361,362,Sara,Perry,North Carolina,Female,362.0,362.0,362.0,No
362,363,Marie,Rice,Washington,Female,363.0,363.0,363.0,Yes
363,364,Christopher,Torres,Pennsylvania,Male,364.0,364.0,364.0,Yes
364,365,Richard,Martin,,Male,365.0,365.0,365.0,Yes
365,366,Todd,Hernandez,,Male,366.0,366.0,366.0,Yes
366,367,Mary,Patterson,District of Columbia,Female,367.0,367.0,367.0,Yes
367,368,Ann,Davis,California,Female,368.0,368.0,368.0,Yes
368,369,David,Lynch,Arizona,Male,369.0,369.0,369.0,Yes
369,370,Lisa,Stevens,Alabama,Female,370.0,370.0,370.0,Yes
370,371,Beverly,Wells,,Female,371.0,371.0,371.0,No
371,372,Larry,Harper,,Male,372.0,372.0,372.0,Yes
372,373,Dennis,Fields,Ohio,Male,373.0,373.0,373.0,No
373,374,Jessica,Jones,South Carolina,Female,374.0,374.0,374.0,Yes
374,375,Juan,Hernandez,Arizona,Male,375.0,375.0,375.0,Yes
375,376,Antonio,Hart,California,Male,376.0,376.0,376.0,Yes
376,377,Janice,Ellis,New Jersey,Female,377.0,377.0,377.0,Yes
377,378,Kimberly,Morgan,New York,Female,378.0,378.0,378.0,No
378,379,Betty,Robertson,Texas,Female,379.0,379.0,379.0,No
379,380,Mildred,Morgan,Oklahoma,Female,380.0,380.0,380.0,No
380,381,Wanda,Edwards,District of Columbia,Female,381.0,381.0,381.0,Yes
381,382,Shawn,Little,Pennsylvania,Male,382.0,382.0,382.0,No
382,383,Louis,Nelson,New Mexico,Male,383.0,383.0,383.0,Yes
383,384,Teresa,Roberts,Illinois,Female,384.0,384.0,384.0,Yes
384,385,Judith,Ross,Oklahoma,Female,385.0,385.0,385.0,Yes
385,386,Clarence,Nguyen,California,Male,386.0,386.0,386.0,Yes
386,387,Lois,Collins,,Female,387.0,387.0,387.0,Yes
387,388,Aaron,Bishop,California,Male,388.0,388.0,388.0,Yes
388,389,James,Fields,Virginia,Male,389.0,389.0,389.0,Yes
389,390,Raymond,Myers,Washington,Male,390.0,390.0,390.0,No
390,391,Brandon,Ferguson,Texas,Male,391.0,391.0,391.0,No
391,392,Russell,Cook,New York,Male,392.0,392.0,392.0,Yes
392,393,Kathleen,Burton,Missouri,Female,393.0,393.0,393.0,Yes
393,394,Willie,Shaw,Texas,Male,394.0,394.0,394.0,Yes
394,395,Philip,Nichols,District of Columbia,Male,395.0,395.0,395.0,Yes
395,396,Steve,Perkins,South Carolina,Male,396.0,396.0,396.0,No
396,397,Michael,Romero,Kansas,Male,397.0,397.0,397.0,No
397,398,Roy,Garcia,Michigan,Male,398.0,398.0,398.0,Yes
398,399,Tammy,Fields,Tennessee,Female,399.0,399.0,399.0,Yes
399,400,Sean,Shaw,,Male,400.0,400.0,400.0,No
400,401,David,Ramirez,California,Male,401.0,401.0,401.0,Yes
401,402,Richard,Alvarez,Pennsylvania,Male,402.0,402.0,402.0,Yes
402,403,Jeffrey,Miller,Oregon,Male,403.0,403.0,403.0,Yes
403,404,Edward,Gray,Texas,Male,404.0,404.0,404.0,No
404,405,Jack,Bell,New York,Male,405.0,405.0,405.0,No
405,406,Joseph,Mitchell,Colorado,Male,406.0,406.0,406.0,No
406,407,Phyllis,Bradley,Florida,Female,407.0,407.0,407.0,No
407,408,Lori,Stewart,Texas,Female,408.0,408.0,408.0,No
408,409,Julie,Richardson,Georgia,Female,409.0,409.0,409.0,Yes
409,410,Cynthia,Stanley,South Carolina,Female,410.0,410.0,410.0,Yes
410,411,Kenneth,Johnston,Massachusetts,Male,411.0,411.0,411.0,Yes
411,412,Chris,Sims,California,Male,412.0,412.0,412.0,No
412,413,Brian,Hanson,Massachusetts,Male,413.0,413.0,413.0,No
413,414,Matthew,Ward,New York,Male,414.0,414.0,414.0,No
414,415,Carl,Mason,Indiana,Male,415.0,415.0,415.0,Yes
415,416,Richard,Wells,Texas,Male,416.0,416.0,416.0,Yes
416,417,Sandra,Daniels,Nebraska,Female,417.0,417.0,417.0,Yes
417,418,Cheryl,Banks,Texas,Female,418.0,418.0,418.0,Yes
418,419,Frances,Marshall,Texas,Female,419.0,419.0,419.0,Yes
419,420,Gerald,Stevens,Florida,Male,420.0,420.0,420.0,Yes
420,421,Sean,Perez,California,Male,421.0,421.0,421.0,Yes
421,422,Robert,Flores,,Male,422.0,422.0,422.0,Yes
422,423,Daniel,Lee,,Male,423.0,423.0,423.0,Yes
423,424,Marie,Perry,,Female,424.0,424.0,424.0,No
424,425,Cheryl,Cruz,Nebraska,Female,425.0,425.0,425.0,No
425,426,Julia,Bishop,Ohio,Female,426.0,426.0,426.0,Yes
426,427,Earl,Bradley,South Carolina,Male,427.0,427.0,427.0,No
427,428,Timothy,Watkins,Nevada,Male,428.0,428.0,428.0,Yes
428,429,James,Olson,Louisiana,Male,429.0,429.0,429.0,Yes
429,430,Gregory,Ramos,,Male,430.0,430.0,430.0,Yes
430,431,Terry,Reynolds,South Carolina,Male,431.0,431.0,431.0,No
431,432,Terry,Murphy,Wisconsin,Male,432.0,432.0,432.0,Yes
432,433,Mark,Cook,New Jersey,Male,433.0,433.0,433.0,No
433,434,Wanda,Weaver,New Jersey,Female,434.0,434.0,434.0,Yes
434,435,Denise,Stewart,Montana,Female,435.0,435.0,435.0,No
435,436,Todd,Gutierrez,Illinois,Male,436.0,436.0,436.0,No
436,437,Debra,Fernandez,New York,Female,437.0,437.0,437.0,Yes
437,438,Lawrence,Flores,District of Columbia,Male,438.0,438.0,438.0,No
438,439,Juan,Duncan,Kentucky,Male,439.0,439.0,439.0,Yes
439,440,Marie,Stewart,Missouri,Female,440.0,440.0,440.0,No
440,441,Frances,Harvey,Massachusetts,Female,441.0,441.0,441.0,No
441,442,Willie,Owens,Washington,Male,442.0,442.0,442.0,Yes
442,443,Katherine,Fields,,Female,443.0,443.0,443.0,Yes
443,444,Donald,Jackson,Texas,Male,444.0,444.0,444.0,No
444,445,Daniel,Young,Pennsylvania,Male,445.0,445.0,445.0,Yes
445,446,Paula,Weaver,California,Female,446.0,446.0,446.0,No
446,447,Robert,Brooks,Texas,Male,447.0,447.0,447.0,Yes
447,448,Norma,Moore,North Carolina,Female,448.0,448.0,448.0,No
448,449,Catherine,Meyer,Indiana,Female,449.0,449.0,449.0,No
449,450,Melissa,Miller,Nevada,Female,450.0,450.0,450.0,No
450,451,Amanda,Grant,Oklahoma,Female,451.0,451.0,451.0,No
451,452,Walter,Meyer,,Male,452.0,452.0,452.0,Yes
452,453,Michelle,Stone,Wisconsin,Female,453.0,453.0,453.0,No
453,454,Ashley,Martin,New York,Female,454.0,454.0,454.0,Yes
454,455,Paula,Myers,Massachusetts,Female,455.0,455.0,455.0,No
455,456,Charles,Mitchell,,Male,456.0,456.0,456.0,No
456,457,Julia,Jacobs,,Female,457.0,457.0,457.0,Yes
457,458,Judith,Elliott,North Carolina,Female,458.0,458.0,458.0,Yes
458,459,Steven,Baker,Florida,Male,459.0,459.0,459.0,No
459,460,Gregory,Griffin,South Dakota,Male,460.0,460.0,460.0,No
460,461,Judith,Wright,Florida,Female,461.0,461.0,461.0,Yes
461,462,Donald,Banks,Pennsylvania,Male,462.0,462.0,462.0,No
462,463,Lawrence,Lee,Florida,Male,463.0,463.0,463.0,Yes
463,464,Kimberly,Morgan,Illinois,Female,464.0,464.0,464.0,Yes
464,465,Patrick,Fields,Indiana,Male,465.0,465.0,465.0,Yes
465,466,Aaron,Murphy,Florida,Male,466.0,466.0,466.0,No
466,467,Nancy,Adams,Missouri,Female,467.0,467.0,467.0,Yes
467,468,Virginia,Brown,Florida,Female,468.0,468.0,468.0,Yes
468,469,Mary,Bradley,California,Female,469.0,469.0,469.0,Yes
469,470,Wanda,Greene,North Carolina,Female,470.0,470.0,470.0,No
470,471,Judith,Campbell,California,Female,471.0,471.0,471.0,No
471,472,Dorothy,Turner,Kentucky,Female,472.0,472.0,472.0,No
472,473,Judy,Phillips,Florida,Female,473.0,473.0,473.0,Yes
473,474,Pamela,Kennedy,Indiana,Female,474.0,474.0,474.0,Yes
474,475,Brandon,Mendoza,Kentucky,Male,475.0,475.0,475.0,No
475,476,Aaron,Mitchell,Arizona,Male,476.0,476.0,476.0,No
476,477,Jeremy,Stephens,California,Male,477.0,477.0,477.0,No
477,478,Mary,Miller,Nebraska,Female,478.0,478.0,478.0,Yes
478,479,Paul,Gibson,Alabama,Male,479.0,479.0,479.0,Yes
479,480,Frank,Gonzalez,Florida,Male,480.0,480.0,480.0,No
480,481,Pamela,Grant,Ohio,Female,481.0,481.0,481.0,Yes
481,482,Anne,Dean,Virginia,Female,482.0,482.0,482.0,No
482,483,Joyce,Armstrong,West Virginia,Female,483.0,483.0,483.0,Yes
483,484,Wayne,Palmer,California,Male,484.0,484.0,484.0,No
484,485,Amanda,Ross,California,Female,485.0,485.0,485.0,Yes
485,486,Andrew,Day,Alabama,Male,486.0,486.0,486.0,Yes
486,487,Amanda,Crawford,Vermont,Female,487.0,487.0,487.0,Yes
487,488,Matthew,Knight,Maryland,Male,488.0,488.0,488.0,Yes
488,489,Marie,Hawkins,North Carolina,Female,489.0,489.0,489.0,Yes
489,490,Deborah,Hill,Indiana,Female,490.0,490.0,490.0,No
490,491,Cheryl,Russell,Nebraska,Female,491.0,491.0,491.0,No
491,492,Martin,Black,Texas,Male,492.0,492.0,492.0,No
492,493,Theresa,Martin,California,Female,493.0,493.0,493.0,No
493,494,Joyce,Peterson,West Virginia,Female,494.0,494.0,494.0,No
494,495,Frances,Cruz,Virginia,Female,495.0,495.0,495.0,Yes
495,496,Rebecca,Carter,Florida,Female,496.0,496.0,496.0,Yes
496,497,Juan,Robertson,Ohio,Male,497.0,497.0,497.0,Yes
497,498,Kathryn,Jackson,,Female,498.0,498.0,498.0,Yes
498,499,Mary,Young,Pennsylvania,Female,499.0,499.0,499.0,Yes
499,500,Benjamin,Gibson,California,Male,500.0,500.0,500.0,No
500,501,Diane,Ellis,Colorado,Female,501.0,501.0,501.0,Yes
501,502,Susan,Lewis,Texas,Female,502.0,502.0,502.0,No
502,503,Frank,Jacobs,Washington,Male,503.0,503.0,503.0,No
503,504,Doris,Ortiz,Washington,Female,504.0,504.0,504.0,Yes
504,505,Ashley,Sims,Massachusetts,Female,505.0,505.0,505.0,Yes
505,506,David,Ross,Kentucky,Male,506.0,506.0,506.0,Yes
506,507,Christina,Schmidt,Texas,Female,507.0,507.0,507.0,Yes
507,508,Scott,Johnson,Florida,Male,508.0,508.0,508.0,Yes
508,509,Jerry,Fox,Illinois,Male,509.0,509.0,509.0,No
509,510,Ryan,Woods,Texas,Male,510.0,510.0,510.0,No
510,511,Nancy,Palmer,New Jersey,Female,511.0,511.0,511.0,Yes
511,512,Robert,Gomez,Texas,Male,512.0,512.0,512.0,No
512,513,Robin,Bailey,Illinois,Female,513.0,513.0,513.0,No
513,514,Kevin,Mitchell,Mississippi,Male,514.0,514.0,514.0,Yes
514,515,Jose,Gordon,Louisiana,Male,515.0,515.0,515.0,No
515,516,Catherine,Bradley,Arizona,Female,516.0,516.0,516.0,No
516,517,Helen,Robertson,Colorado,Female,517.0,517.0,517.0,No
517,518,Roy,Mccoy,Missouri,Male,518.0,518.0,518.0,Yes
518,519,Jimmy,Hicks,Minnesota,Male,519.0,519.0,519.0,Yes
519,520,Justin,Gibson,Illinois,Male,520.0,520.0,520.0,No
520,521,Virginia,Reed,Wisconsin,Female,521.0,521.0,521.0,Yes
521,522,Doris,Collins,Ohio,Female,522.0,522.0,522.0,Yes
522,523,Larry,Fernandez,Colorado,Male,523.0,523.0,523.0,Yes
523,524,Andrew,Ross,Tennessee,Male,524.0,524.0,524.0,Yes
524,525,Patrick,Harvey,Minnesota,Male,525.0,525.0,525.0,Yes
525,526,Kelly,Franklin,,Female,526.0,526.0,526.0,Yes
526,527,Terry,Armstrong,Missouri,Male,527.0,527.0,527.0,No
527,528,Louis,Martin,District of Columbia,Male,528.0,528.0,528.0,Yes
528,529,Beverly,Medina,District of Columbia,Female,529.0,529.0,529.0,Yes
529,530,Carl,Rodriguez,Arizona,Male,530.0,530.0,530.0,No
530,531,Stephen,Stanley,New York,Male,531.0,531.0,531.0,Yes
531,532,Ernest,Nguyen,Texas,Male,532.0,532.0,532.0,Yes
532,533,Emily,Hamilton,Ohio,Female,533.0,533.0,533.0,Yes
533,534,Henry,Daniels,Massachusetts,Male,534.0,534.0,534.0,Yes
534,535,Teresa,Grant,Virginia,Female,535.0,535.0,535.0,No
535,536,Alice,Martinez,Missouri,Female,536.0,536.0,536.0,No
536,537,Alan,Campbell,,Male,537.0,537.0,537.0,Yes
537,538,Henry,Murphy,California,Male,538.0,538.0,538.0,No
538,539,Sean,Dean,New Jersey,Male,539.0,539.0,539.0,Yes
539,540,Janice,Gilbert,Texas,Female,540.0,540.0,540.0,Yes
540,541,Alice,Snyder,Arkansas,Female,541.0,541.0,541.0,Yes
541,542,Debra,Meyer,Alabama,Female,542.0,542.0,542.0,Yes
542,543,Cynthia,Stewart,Missouri,Female,543.0,543.0,543.0,No
543,544,Phillip,Olson,Tennessee,Male,544.0,544.0,544.0,No
544,545,Thomas,Mcdonald,Texas,Male,545.0,545.0,545.0,Yes
545,546,David,Hart,Indiana,Male,546.0,546.0,546.0,Yes
546,547,Walter,Lawson,District of Columbia,Male,547.0,547.0,547.0,No
547,548,Pamela,Stewart,Texas,Female,548.0,548.0,548.0,No
548,549,Linda,Montgomery,Georgia,Female,549.0,549.0,549.0,No
549,550,Jesse,Henry,Michigan,Male,550.0,550.0,550.0,Yes
550,551,James,Richards,New Mexico,Male,551.0,551.0,551.0,Yes
551,552,Ryan,Johnston,Florida,Male,552.0,552.0,552.0,Yes
552,553,Kathleen,Ford,Florida,Female,553.0,553.0,553.0,Yes
553,554,Samuel,Young,Delaware,Male,554.0,554.0,554.0,No
554,555,Albert,Perez,Virginia,Male,555.0,555.0,555.0,Yes
555,556,Teresa,Gomez,California,Female,556.0,556.0,556.0,Yes
556,557,Johnny,Allen,,Male,557.0,557.0,557.0,Yes
557,558,Louise,James,Kentucky,Female,558.0,558.0,558.0,Yes
558,559,Victor,Robinson,Arizona,Male,559.0,559.0,559.0,No
559,560,Joshua,Hart,Tennessee,Male,560.0,560.0,560.0,Yes
560,561,Arthur,Ryan,California,Male,561.0,561.0,561.0,Yes
561,562,Michelle,Kim,Indiana,Female,562.0,562.0,562.0,No
562,563,Lawrence,Thompson,North Carolina,Male,563.0,563.0,563.0,Yes
563,564,Roy,Stevens,Oklahoma,Male,564.0,564.0,564.0,Yes
564,565,Keith,Warren,Ohio,Male,565.0,565.0,565.0,No
565,566,Shawn,Torres,,Male,566.0,566.0,566.0,Yes
566,567,Jesse,Ortiz,Tennessee,Male,567.0,567.0,567.0,Yes
567,568,Raymond,Miller,Ohio,Male,568.0,568.0,568.0,No
568,569,Daniel,Fields,Kentucky,Male,569.0,569.0,569.0,No
569,570,Helen,Day,Massachusetts,Female,570.0,570.0,570.0,No
570,571,Bonnie,Jackson,California,Female,571.0,571.0,571.0,Yes
571,572,Betty,Anderson,Alabama,Female,572.0,572.0,572.0,Yes
572,573,Dennis,Ortiz,Iowa,Male,573.0,573.0,573.0,Yes
573,574,Larry,Graham,Virginia,Male,574.0,574.0,574.0,Yes
574,575,Russell,Bell,Oklahoma,Male,575.0,575.0,575.0,No
575,576,Elizabeth,Hill,Oregon,Female,576.0,576.0,576.0,Yes
576,577,Lori,Gordon,Texas,Female,577.0,577.0,577.0,No
577,578,Michelle,Moore,,Female,578.0,578.0,578.0,Yes
578,579,Beverly,Gordon,Texas,Female,579.0,579.0,579.0,No
579,580,Kathryn,Brooks,Tennessee,Female,580.0,580.0,580.0,No
580,581,Heather,Hawkins,District of Columbia,Female,581.0,581.0,581.0,Yes
581,582,Anna,Pierce,Indiana,Female,582.0,582.0,582.0,Yes
582,583,Lois,Adams,Kentucky,Female,583.0,583.0,583.0,No
583,584,Ronald,Collins,Florida,Male,584.0,584.0,584.0,No
584,585,Bruce,Perez,Texas,Male,585.0,585.0,585.0,Yes
585,586,Robert,Patterson,Utah,Male,586.0,586.0,586.0,Yes
586,587,Lisa,Medina,Florida,Female,587.0,587.0,587.0,No
587,588,Judith,Reed,Florida,Female,588.0,588.0,588.0,Yes
588,589,Carol,Hernandez,Minnesota,Female,589.0,589.0,589.0,Yes
589,590,Timothy,Davis,Hawaii,Male,590.0,590.0,590.0,No
590,591,Mark,Nguyen,Arkansas,Male,591.0,591.0,591.0,Yes
591,592,Arthur,Miller,Louisiana,Male,592.0,592.0,592.0,Yes
592,593,Bruce,Foster,,Male,593.0,593.0,593.0,Yes
593,594,Walter,Garcia,California,Male,594.0,594.0,594.0,No
594,595,Cheryl,Rice,Pennsylvania,Female,595.0,595.0,595.0,No
595,596,Earl,Bennett,Texas,Male,596.0,596.0,596.0,Yes
596,597,Carlos,Gray,Virginia,Male,597.0,597.0,597.0,Yes
597,598,Janet,Franklin,Florida,Female,598.0,598.0,598.0,Yes
598,599,Doris,Murray,,Female,599.0,599.0,599.0,Yes
599,600,Amy,Powell,,Female,600.0,600.0,600.0,No
600,601,Pamela,Boyd,Pennsylvania,Female,601.0,601.0,601.0,Yes
601,602,Sarah,Butler,Ohio,Female,602.0,602.0,602.0,No
602,603,Peter,Martin,Washington,Male,603.0,603.0,603.0,No
603,604,Jean,Washington,,Female,604.0,604.0,604.0,No
604,605,James,Lane,Arizona,Male,605.0,605.0,605.0,Yes
605,606,Theresa,Simpson,District of Columbia,Female,606.0,606.0,606.0,Yes
606,607,Elizabeth,Miller,Colorado,Female,607.0,607.0,607.0,Yes
607,608,Carlos,Freeman,California,Male,608.0,608.0,608.0,No
608,609,Rachel,Barnes,Alabama,Female,609.0,609.0,609.0,Yes
609,610,Thomas,Ross,Florida,Male,610.0,610.0,610.0,No
610,611,Dorothy,Boyd,Washington,Female,611.0,611.0,611.0,No
611,612,Karen,Torres,Florida,Female,612.0,612.0,612.0,Yes
612,613,Nancy,Duncan,California,Female,613.0,613.0,613.0,No
613,614,Jeremy,Rose,California,Male,614.0,614.0,614.0,Yes
614,615,Johnny,Berry,Texas,Male,615.0,615.0,615.0,Yes
615,616,Shawn,George,District of Columbia,Male,616.0,616.0,616.0,Yes
616,617,Bobby,Hill,Florida,Male,617.0,617.0,617.0,Yes
617,618,Debra,Robinson,Oregon,Female,618.0,618.0,618.0,Yes
618,619,Fred,Sanchez,Michigan,Male,619.0,619.0,619.0,Yes
619,620,Johnny,Wood,,Male,620.0,620.0,620.0,Yes
620,621,Richard,Murray,Indiana,Male,621.0,621.0,621.0,Yes
621,622,Antonio,Crawford,West Virginia,Male,622.0,622.0,622.0,Yes
622,623,Catherine,Ross,Maine,Female,623.0,623.0,623.0,No
623,624,Larry,Wagner,New Jersey,Male,624.0,624.0,624.0,Yes
624,625,Adam,Fernandez,,Male,625.0,625.0,625.0,No
625,626,Anne,Kelley,Ohio,Female,626.0,626.0,626.0,No
626,627,Nicholas,Washington,Indiana,Male,627.0,627.0,627.0,Yes
627,628,Christina,Roberts,California,Female,628.0,628.0,628.0,No
628,629,Diana,Ryan,Texas,Female,629.0,629.0,629.0,No
629,630,Antonio,King,Michigan,Male,630.0,630.0,630.0,Yes
630,631,Linda,Matthews,Wisconsin,Female,631.0,631.0,631.0,Yes
631,632,Rachel,Collins,Texas,Female,632.0,632.0,632.0,Yes
632,633,Bruce,Bell,Texas,Male,633.0,633.0,633.0,Yes
633,634,Amanda,Fisher,Indiana,Female,634.0,634.0,634.0,Yes
634,635,Melissa,Cole,Texas,Female,635.0,635.0,635.0,No
635,636,Lois,Hayes,Wisconsin,Female,636.0,636.0,636.0,Yes
636,637,Jennifer,Lopez,,Female,637.0,637.0,637.0,Yes
637,638,Robin,Grant,Alabama,Female,638.0,638.0,638.0,Yes
638,639,Katherine,Bishop,Oregon,Female,639.0,639.0,639.0,Yes
639,640,Kathleen,Ramos,California,Female,640.0,640.0,640.0,No
640,641,Arthur,Sanchez,Georgia,Male,641.0,641.0,641.0,Yes
641,642,Ann,Perkins,New Hampshire,Female,642.0,642.0,642.0,No
642,643,Brandon,King,Michigan,Male,643.0,643.0,643.0,No
643,644,Nicole,Ortiz,Illinois,Female,644.0,644.0,644.0,Yes
644,645,Sean,Nguyen,Texas,Male,645.0,645.0,645.0,Yes
645,646,Gloria,Wheeler,Texas,Female,646.0,646.0,646.0,No
646,647,Phillip,Reid,,Male,647.0,647.0,647.0,Yes
647,648,Billy,Morrison,Minnesota,Male,648.0,648.0,648.0,Yes
648,649,Betty,Mcdonald,Ohio,Female,649.0,649.0,649.0,No
649,650,Shirley,Ortiz,,Female,650.0,650.0,650.0,Yes
650,651,Karen,Simmons,California,Female,651.0,651.0,651.0,Yes
651,652,Antonio,Taylor,District of Columbia,Male,652.0,652.0,652.0,Yes
652,653,Janice,Clark,West Virginia,Female,653.0,653.0,653.0,Yes
653,654,Stephen,Simpson,New Jersey,Male,654.0,654.0,654.0,Yes
654,655,Kathleen,Brown,,Female,655.0,655.0,655.0,No
655,656,Phillip,Morales,Illinois,Male,656.0,656.0,656.0,No
656,657,Joe,Watson,,Male,657.0,657.0,657.0,No
657,658,Melissa,Harrison,Texas,Female,658.0,658.0,658.0,Yes
658,659,Carlos,Carpenter,California,Male,659.0,659.0,659.0,No
659,660,Theresa,Matthews,Hawaii,Female,660.0,660.0,660.0,Yes
660,661,Sarah,Crawford,Virginia,Female,661.0,661.0,661.0,Yes
661,662,Christina,Grant,Florida,Female,662.0,662.0,662.0,Yes
662,663,Carol,Powell,Illinois,Female,663.0,663.0,663.0,Yes
663,664,Eugene,Lewis,Missouri,Male,664.0,664.0,664.0,No
664,665,Chris,Hunt,Pennsylvania,Male,665.0,665.0,665.0,Yes
665,666,Mildred,Ross,West Virginia,Female,666.0,666.0,666.0,Yes
666,667,Nicole,Hart,Texas,Female,667.0,667.0,667.0,Yes
667,668,John,Richards,Texas,Male,668.0,668.0,668.0,Yes
668,669,Brandon,Lawson,Pennsylvania,Male,669.0,669.0,669.0,No
669,670,Stephanie,Henry,New York,Female,670.0,670.0,670.0,No
670,671,Janet,Ray,,Female,671.0,671.0,671.0,No
671,672,Terry,Gray,Colorado,Male,672.0,672.0,672.0,Yes
672,673,Antonio,Perez,North Carolina,Male,673.0,673.0,673.0,No
673,674,Donna,Russell,Ohio,Female,674.0,674.0,674.0,Yes
674,675,Theresa,Kennedy,Indiana,Female,675.0,675.0,675.0,No
675,676,Jack,Morrison,Alabama,Male,676.0,676.0,676.0,Yes
676,677,Louis,Rodriguez,Pennsylvania,Male,677.0,677.0,677.0,Yes
677,678,Gregory,Mccoy,Washington,Male,678.0,678.0,678.0,Yes
678,679,Gloria,Snyder,Florida,Female,679.0,679.0,679.0,No
679,680,Phyllis,Wagner,,Female,680.0,680.0,680.0,No
680,681,Mildred,Fernandez,North Carolina,Female,681.0,681.0,681.0,No
681,682,Jean,Sullivan,Arizona,Female,682.0,682.0,682.0,No
682,683,Christina,Woods,New York,Female,683.0,683.0,683.0,No
683,684,Paula,Webb,Minnesota,Female,684.0,684.0,684.0,No
684,685,Annie,Kennedy,Nevada,Female,685.0,685.0,685.0,Yes
685,686,Heather,Adams,Texas,Female,686.0,686.0,686.0,Yes
686,687,Katherine,Oliver,Virginia,Female,687.0,687.0,687.0,Yes
687,688,Fred,Gonzalez,Idaho,Male,688.0,688.0,688.0,Yes
688,689,Beverly,Kelley,Arkansas,Female,689.0,689.0,689.0,No
689,690,Evelyn,White,Massachusetts,Female,690.0,690.0,690.0,No
690,691,Arthur,Wood,Indiana,Male,691.0,691.0,691.0,No
691,692,Larry,Bennett,Ohio,Male,692.0,692.0,692.0,No
692,693,Sharon,Romero,North Carolina,Female,693.0,693.0,693.0,Yes
693,694,Michelle,Foster,California,Female,694.0,694.0,694.0,No
694,695,Philip,Watkins,Arizona,Male,695.0,695.0,695.0,Yes
695,696,Henry,King,District of Columbia,Male,696.0,696.0,696.0,Yes
696,697,Daniel,Peterson,Texas,Male,697.0,697.0,697.0,No
697,698,Daniel,Bowman,Kentucky,Male,698.0,698.0,698.0,Yes
698,699,Martha,Alvarez,Colorado,Female,699.0,699.0,699.0,No
699,700,Kathryn,Medina,Texas,Female,700.0,700.0,700.0,Yes
700,701,John,Patterson,,Male,701.0,701.0,701.0,No
701,702,Michael,Shaw,Florida,Male,702.0,702.0,702.0,Yes
702,703,Janice,Matthews,Kentucky,Female,703.0,703.0,703.0,No
703,704,Chris,Little,Michigan,Male,704.0,704.0,704.0,Yes
704,705,Martin,Holmes,Florida,Male,705.0,705.0,705.0,Yes
705,706,Debra,Morris,Ohio,Female,706.0,706.0,706.0,Yes
706,707,Robin,Ryan,,Female,707.0,707.0,707.0,Yes
707,708,Jason,Richardson,Ohio,Male,708.0,708.0,708.0,No
708,709,Harry,Williamson,Pennsylvania,Male,709.0,709.0,709.0,Yes
709,710,Russell,Anderson,District of Columbia,Male,710.0,710.0,710.0,Yes
710,711,Johnny,Chapman,,Male,711.0,711.0,711.0,No
711,712,Maria,Stevens,Colorado,Female,712.0,712.0,712.0,Yes
712,713,David,Riley,New York,Male,713.0,713.0,713.0,Yes
713,714,Bobby,Anderson,Pennsylvania,Male,714.0,714.0,714.0,Yes
714,715,Stephen,Olson,Florida,Male,715.0,715.0,715.0,Yes
715,716,Ann,Coleman,Washington,Female,716.0,716.0,716.0,Yes
716,717,Diane,Vasquez,New York,Female,717.0,717.0,717.0,Yes
717,718,Gloria,Hughes,Ohio,Female,718.0,718.0,718.0,Yes
718,719,Cynthia,Garza,Ohio,Female,719.0,719.0,719.0,No
719,720,Louise,Edwards,Indiana,Female,720.0,720.0,720.0,No
720,721,Kimberly,Montgomery,,Female,721.0,721.0,721.0,No
721,722,Brandon,Perry,California,Male,722.0,722.0,722.0,No
722,723,Shirley,Ford,North Carolina,Female,723.0,723.0,723.0,No
723,724,Phillip,Alvarez,Illinois,Male,724.0,724.0,724.0,Yes
724,725,Howard,Lawrence,New York,Male,725.0,725.0,725.0,Yes
725,726,Stephanie,Johnson,Pennsylvania,Female,726.0,726.0,726.0,Yes
726,727,Sara,Meyer,California,Female,727.0,727.0,727.0,No
727,728,Keith,Fernandez,District of Columbia,Male,728.0,728.0,728.0,No
728,729,Samuel,Allen,Illinois,Male,729.0,729.0,729.0,Yes
729,730,Carol,Burke,New York,Female,730.0,730.0,730.0,Yes
730,731,Martha,Gordon,Illinois,Female,731.0,731.0,731.0,Yes
731,732,Katherine,Fox,,Female,732.0,732.0,732.0,Yes
732,733,Stephanie,Graham,Missouri,Female,733.0,733.0,733.0,Yes
733,734,Roger,Snyder,Kansas,Male,734.0,734.0,734.0,Yes
734,735,Mark,Bishop,Ohio,Male,735.0,735.0,735.0,No
735,736,Pamela,Wilson,,Female,736.0,736.0,736.0,Yes
736,737,Philip,Perkins,Florida,Male,737.0,737.0,737.0,Yes
737,738,Clarence,Stevens,Colorado,Male,738.0,738.0,738.0,Yes
738,739,Robert,Larson,Iowa,Male,739.0,739.0,739.0,Yes
739,740,Bruce,Howard,,Male,740.0,740.0,740.0,No
740,741,Karen,Turner,Missouri,Female,741.0,741.0,741.0,Yes
741,742,Thomas,Baker,Missouri,Male,742.0,742.0,742.0,No
742,743,Thomas,Hayes,California,Male,743.0,743.0,743.0,Yes
743,744,Larry,Butler,Arizona,Male,744.0,744.0,744.0,No
744,745,Anne,Butler,California,Female,745.0,745.0,745.0,Yes
745,746,Henry,Peters,,Male,746.0,746.0,746.0,No
746,747,Patrick,Brooks,California,Male,747.0,747.0,747.0,Yes
747,748,Eugene,Brooks,California,Male,748.0,748.0,748.0,Yes
748,749,Melissa,King,Virginia,Female,749.0,749.0,749.0,Yes
749,750,Margaret,Black,New York,Female,750.0,750.0,750.0,Yes
750,751,Kimberly,Day,Florida,Female,751.0,751.0,751.0,No
751,752,Joyce,Matthews,New York,Female,752.0,752.0,752.0,Yes
752,753,Julia,Hawkins,Texas,Female,753.0,753.0,753.0,Yes
753,754,Michelle,Gonzalez,Michigan,Female,754.0,754.0,754.0,Yes
754,755,Jessica,Elliott,Minnesota,Female,755.0,755.0,755.0,Yes
755,756,Joyce,Murphy,,Female,756.0,756.0,756.0,Yes
756,757,Joe,Howell,,Male,757.0,757.0,757.0,No
757,758,Steven,George,Oregon,Male,758.0,758.0,758.0,Yes
758,759,George,Gomez,California,Male,759.0,759.0,759.0,Yes
759,760,Annie,Hamilton,South Carolina,Female,760.0,760.0,760.0,Yes
760,761,Michael,James,Georgia,Male,761.0,761.0,761.0,No
761,762,Jimmy,Holmes,,Male,762.0,762.0,762.0,No
762,763,Helen,Mcdonald,California,Female,763.0,763.0,763.0,No
763,764,Diane,Freeman,,Female,764.0,764.0,764.0,Yes
764,765,Lois,Peters,Pennsylvania,Female,765.0,765.0,765.0,Yes
765,766,Brenda,Martin,Texas,Female,766.0,766.0,766.0,Yes
766,767,Christina,Daniels,Virginia,Female,767.0,767.0,767.0,Yes
767,768,Betty,Rose,Hawaii,Female,768.0,768.0,768.0,No
768,769,Beverly,Burns,Virginia,Female,769.0,769.0,769.0,Yes
769,770,Wayne,Brooks,,Male,770.0,770.0,770.0,No
770,771,Ralph,Watkins,District of Columbia,Male,771.0,771.0,771.0,Yes
771,772,Gerald,James,Tennessee,Male,772.0,772.0,772.0,Yes
772,773,Nicole,Ramos,Texas,Female,773.0,773.0,773.0,Yes
773,774,Mildred,Williamson,,Female,774.0,774.0,774.0,No
774,775,Jerry,Hart,Tennessee,Male,775.0,775.0,775.0,No
775,776,Russell,Scott,Wisconsin,Male,776.0,776.0,776.0,Yes
776,777,Louise,Lane,Pennsylvania,Female,777.0,777.0,777.0,Yes
777,778,Donna,Ramirez,Texas,Female,778.0,778.0,778.0,No
778,779,Frank,Miller,Texas,Male,779.0,779.0,779.0,No
779,780,Kimberly,Gordon,Minnesota,Female,780.0,780.0,780.0,Yes
780,781,Lois,Hansen,New York,Female,781.0,781.0,781.0,No
781,782,Alan,Pierce,California,Male,782.0,782.0,782.0,No
782,783,Debra,Smith,New York,Female,783.0,783.0,783.0,No
783,784,Jennifer,Armstrong,California,Female,784.0,784.0,784.0,No
784,785,Douglas,Fernandez,Florida,Male,785.0,785.0,785.0,No
785,786,Judith,Alvarez,Michigan,Female,786.0,786.0,786.0,Yes
786,787,Roy,Owens,Virginia,Male,787.0,787.0,787.0,Yes
787,788,Doris,Long,Illinois,Female,788.0,788.0,788.0,Yes
788,789,Diana,Hill,Missouri,Female,789.0,789.0,789.0,Yes
789,790,Carolyn,Kelley,Texas,Female,790.0,790.0,790.0,No
790,791,Wayne,Rogers,Alaska,Male,791.0,791.0,791.0,No
791,792,Lisa,Romero,,Female,792.0,792.0,792.0,Yes
792,793,Ryan,Walker,Massachusetts,Male,793.0,793.0,793.0,Yes
793,794,Rose,Ward,Texas,Female,794.0,794.0,794.0,Yes
794,795,Gary,Baker,Alabama,Male,795.0,795.0,795.0,No
795,796,Lillian,Fields,Tennessee,Female,796.0,796.0,796.0,Yes
796,797,Kelly,Lopez,Alaska,Female,797.0,797.0,797.0,Yes
797,798,Christopher,Butler,Minnesota,Male,798.0,798.0,798.0,No
798,799,Mildred,Gray,Virginia,Female,799.0,799.0,799.0,Yes
799,800,Carol,Ward,Indiana,Female,800.0,800.0,800.0,No
800,801,Justin,Clark,California,Male,801.0,801.0,801.0,Yes
801,802,Angela,Crawford,Ohio,Female,802.0,802.0,802.0,No
802,803,Clarence,Robinson,Texas,Male,803.0,803.0,803.0,No
803,804,Jack,Peters,Nevada,Male,804.0,804.0,804.0,Yes
804,805,Julia,Lee,Pennsylvania,Female,805.0,805.0,805.0,Yes
805,806,Adam,Chapman,Georgia,Male,806.0,806.0,806.0,Yes
806,807,Jean,Davis,California,Female,807.0,807.0,807.0,Yes
807,808,Ernest,Davis,California,Male,808.0,808.0,808.0,Yes
808,809,Anthony,Ross,Washington,Male,809.0,809.0,809.0,Yes
809,810,Jeffrey,Berry,Pennsylvania,Male,810.0,810.0,810.0,No
810,811,Jacqueline,Cunningham,Hawaii,Female,811.0,811.0,811.0,Yes
811,812,Angela,Banks,Florida,Female,812.0,812.0,812.0,Yes
812,813,Amy,Ortiz,Oklahoma,Female,813.0,813.0,813.0,Yes
813,814,Angela,Morrison,,Female,814.0,814.0,814.0,Yes
814,815,Gary,Matthews,California,Male,815.0,815.0,815.0,No
815,816,Heather,Lynch,Texas,Female,816.0,816.0,816.0,Yes
816,817,Phyllis,Edwards,Florida,Female,817.0,817.0,817.0,No
817,818,Sarah,Lawson,,Female,818.0,818.0,818.0,No
818,819,Andrew,Reyes,Texas,Male,819.0,819.0,819.0,No
819,820,Deborah,Lawson,Florida,Female,820.0,820.0,820.0,No
820,821,Paul,Stevens,,Male,821.0,821.0,821.0,No
821,822,Nancy,Oliver,Indiana,Female,822.0,822.0,822.0,No
822,823,Dennis,Carpenter,Indiana,Male,823.0,823.0,823.0,Yes
823,824,Patrick,Ross,Texas,Male,824.0,824.0,824.0,Yes
824,825,Gary,Holmes,,Male,825.0,825.0,825.0,Yes
825,826,Kimberly,Torres,,Female,826.0,826.0,826.0,No
826,827,Amy,Miller,,Female,827.0,827.0,827.0,Yes
827,828,Ruth,Parker,South Carolina,Female,828.0,828.0,828.0,Yes
828,829,Juan,Collins,Vermont,Male,829.0,829.0,829.0,Yes
829,830,Mary,Mason,Texas,Female,830.0,830.0,830.0,Yes
830,831,Kathryn,Alexander,New Jersey,Female,831.0,831.0,831.0,No
831,832,Kenneth,Moreno,,Male,832.0,832.0,832.0,No
832,833,Mildred,Welch,Texas,Female,833.0,833.0,833.0,No
833,834,Louis,Riley,Utah,Male,834.0,834.0,834.0,Yes
834,835,Roy,Butler,Texas,Male,835.0,835.0,835.0,No
835,836,Diane,Pierce,Indiana,Female,836.0,836.0,836.0,Yes
836,837,Randy,Mendoza,Ohio,Male,837.0,837.0,837.0,Yes
837,838,Irene,Cole,Texas,Female,838.0,838.0,838.0,Yes
838,839,James,Myers,Illinois,Male,839.0,839.0,839.0,Yes
839,840,Barbara,Turner,Pennsylvania,Female,840.0,840.0,840.0,No
840,841,Andrea,Duncan,Ohio,Female,841.0,841.0,841.0,Yes
841,842,Tammy,Stone,,Female,842.0,842.0,842.0,No
842,843,Cheryl,Harvey,,Female,843.0,843.0,843.0,Yes
843,844,Gloria,Ramos,Kansas,Female,844.0,844.0,844.0,Yes
844,845,Julia,White,District of Columbia,Female,845.0,845.0,845.0,No
845,846,Alan,Crawford,California,Male,846.0,846.0,846.0,Yes
846,847,Rachel,Lee,,Female,847.0,847.0,847.0,No
847,848,Laura,Mitchell,Colorado,Female,848.0,848.0,848.0,Yes
848,849,Christina,Moore,New York,Female,849.0,849.0,849.0,No
849,850,Marie,Wood,Michigan,Female,850.0,850.0,850.0,Yes
850,851,Jean,Gonzalez,Missouri,Female,851.0,851.0,851.0,No
851,852,Gloria,Edwards,California,Female,852.0,852.0,852.0,Yes
852,853,Kathy,Bailey,New York,Female,853.0,853.0,853.0,Yes
853,854,Heather,Owens,,Female,854.0,854.0,854.0,Yes
854,855,Ruth,Carroll,Kentucky,Female,855.0,855.0,855.0,Yes
855,856,Jimmy,Bryant,Pennsylvania,Male,856.0,856.0,856.0,Yes
856,857,Thomas,Tucker,California,Male,857.0,857.0,857.0,No
857,858,Janet,Murphy,Michigan,Female,858.0,858.0,858.0,Yes
858,859,Angela,Kelly,Connecticut,Female,859.0,859.0,859.0,Yes
859,860,Douglas,Burke,Illinois,Male,860.0,860.0,860.0,No
860,861,Justin,Bennett,,Male,861.0,861.0,861.0,Yes
861,862,Kevin,Robinson,Montana,Male,862.0,862.0,862.0,No
862,863,Pamela,Hudson,,Female,863.0,863.0,863.0,Yes
863,864,Barbara,Mccoy,New York,Female,864.0,864.0,864.0,No
864,865,Sara,Garcia,Louisiana,Female,865.0,865.0,865.0,No
865,866,John,Fields,,Male,866.0,866.0,866.0,Yes
866,867,Joe,Franklin,Ohio,Male,867.0,867.0,867.0,No
867,868,Ruby,Long,Minnesota,Female,868.0,868.0,868.0,Yes
868,869,Phyllis,Oliver,Michigan,Female,869.0,869.0,869.0,Yes
869,870,Patrick,Barnes,Texas,Male,870.0,870.0,870.0,No
870,871,Joshua,Butler,,Male,871.0,871.0,871.0,Yes
871,872,Janet,Cox,Texas,Female,872.0,872.0,872.0,No
872,873,William,Harris,Alabama,Male,873.0,873.0,873.0,No
873,874,Diana,Howard,Minnesota,Female,874.0,874.0,874.0,Yes
874,875,Joe,Hicks,Florida,Male,875.0,875.0,875.0,Yes
875,876,Amy,Walker,Alabama,Female,876.0,876.0,876.0,Yes
876,877,Matthew,Brown,Iowa,Male,877.0,877.0,877.0,No
877,878,Adam,Larson,District of Columbia,Male,878.0,878.0,878.0,No
878,879,Victor,Kelley,California,Male,879.0,879.0,879.0,Yes
879,880,Amanda,Reyes,District of Columbia,Female,880.0,880.0,880.0,Yes
880,881,Aaron,Shaw,Texas,Male,881.0,881.0,881.0,No
881,882,Kevin,Campbell,California,Male,882.0,882.0,882.0,Yes
882,883,Evelyn,Watson,South Carolina,Female,883.0,883.0,883.0,No
883,884,Amy,Nguyen,New York,Female,884.0,884.0,884.0,No
884,885,Betty,Stone,Colorado,Female,885.0,885.0,885.0,No
885,886,Susan,Spencer,Missouri,Female,886.0,886.0,886.0,Yes
886,887,Patricia,Hernandez,Arizona,Female,887.0,887.0,887.0,Yes
887,888,Jesse,Hunter,Pennsylvania,Male,888.0,888.0,888.0,No
888,889,Mark,Parker,New York,Male,889.0,889.0,889.0,Yes
889,890,Deborah,Franklin,,Female,890.0,890.0,890.0,Yes
890,891,Sharon,Dixon,District of Columbia,Female,891.0,891.0,891.0,No
891,892,Ruth,Larson,Washington,Female,892.0,892.0,892.0,Yes
892,893,Gerald,Mendoza,Florida,Male,893.0,893.0,893.0,No
893,894,Gregory,Green,Arizona,Male,894.0,894.0,894.0,Yes
894,895,Eric,Greene,California,Male,895.0,895.0,895.0,No
895,896,Amanda,Anderson,Nevada,Female,896.0,896.0,896.0,Yes
896,897,Kathleen,Lane,Indiana,Female,897.0,897.0,897.0,Yes
897,898,Andrew,Murphy,Minnesota,Male,898.0,898.0,898.0,Yes
898,899,Andrea,Nichols,Maryland,Female,899.0,899.0,899.0,No
899,900,Louis,Sims,Virginia,Male,900.0,900.0,900.0,Yes
900,901,Jennifer,Nguyen,Kansas,Female,901.0,901.0,901.0,No
901,902,Amy,Bennett,Nebraska,Female,902.0,902.0,902.0,Yes
902,903,Christina,Hall,Florida,Female,903.0,903.0,903.0,No
903,904,Emily,Griffin,Louisiana,Female,904.0,904.0,904.0,Yes
904,905,Dennis,Stephens,Pennsylvania,Male,905.0,905.0,905.0,No
905,906,Harry,Wells,Pennsylvania,Male,906.0,906.0,906.0,Yes
906,907,Michael,Grant,,Male,907.0,907.0,907.0,No
907,908,Benjamin,Nguyen,Ohio,Male,908.0,908.0,908.0,Yes
908,909,Ruth,Ortiz,Pennsylvania,Female,909.0,909.0,909.0,No
909,910,Diane,Austin,,Female,910.0,910.0,910.0,No
910,911,Sarah,Perry,California,Female,911.0,911.0,911.0,Yes
911,912,Patrick,Richards,Minnesota,Male,912.0,912.0,912.0,Yes
912,913,Melissa,Daniels,Indiana,Female,913.0,913.0,913.0,No
913,914,Kimberly,Gardner,Virginia,Female,914.0,914.0,914.0,Yes
914,915,Larry,Smith,Maryland,Male,915.0,915.0,915.0,No
915,916,Debra,Warren,Texas,Female,916.0,916.0,916.0,Yes
916,917,Beverly,Tucker,Oklahoma,Female,917.0,917.0,917.0,Yes
917,918,Gary,Fernandez,Maryland,Male,918.0,918.0,918.0,Yes
918,919,Ralph,Perry,Texas,Male,919.0,919.0,919.0,Yes
919,920,Patricia,Ellis,Florida,Female,920.0,920.0,920.0,Yes
920,921,Kathy,Fernandez,New York,Female,921.0,921.0,921.0,No
921,922,Rebecca,Duncan,California,Female,922.0,922.0,922.0,No
922,923,Angela,Arnold,New Jersey,Female,923.0,923.0,923.0,Yes
923,924,Tina,Lopez,Indiana,Female,924.0,924.0,924.0,Yes
924,925,Diane,Griffin,New York,Female,925.0,925.0,925.0,No
925,926,Raymond,Hunt,,Male,926.0,926.0,926.0,Yes
926,927,Shirley,Kelly,California,Female,927.0,927.0,927.0,No
927,928,Ashley,Ramirez,Texas,Female,928.0,928.0,928.0,No
928,929,Alan,Davis,Wisconsin,Male,929.0,929.0,929.0,Yes
929,930,Cheryl,Spencer,Michigan,Female,930.0,930.0,930.0,Yes
930,931,Sandra,Hunter,New Mexico,Female,931.0,931.0,931.0,Yes
931,932,Barbara,Parker,,Female,932.0,932.0,932.0,No
932,933,Kimberly,Lynch,Texas,Female,933.0,933.0,933.0,No
933,934,Edward,Meyer,Virginia,Male,934.0,934.0,934.0,No
934,935,Anna,Stone,Texas,Female,935.0,935.0,935.0,Yes
935,936,Roger,Thompson,Virginia,Male,936.0,936.0,936.0,Yes
936,937,Gary,Marshall,Minnesota,Male,937.0,937.0,937.0,Yes
937,938,Anthony,Ray,New York,Male,938.0,938.0,938.0,Yes
938,939,Ruby,Castillo,California,Female,939.0,939.0,939.0,No
939,940,Kenneth,Evans,Indiana,Male,940.0,940.0,940.0,Yes
940,941,Nancy,Peters,,Female,941.0,941.0,941.0,Yes
941,942,Andrea,Sanchez,Florida,Female,942.0,942.0,942.0,Yes
942,943,Joan,Fox,Virginia,Female,943.0,943.0,943.0,Yes
943,944,Denise,Holmes,District of Columbia,Female,944.0,944.0,944.0,No
944,945,Todd,Pierce,Missouri,Male,945.0,945.0,945.0,Yes
945,946,Dennis,Lopez,Georgia,Male,946.0,946.0,946.0,Yes
946,947,Randy,Myers,Delaware,Male,947.0,947.0,947.0,Yes
947,948,Maria,Marshall,Georgia,Female,948.0,948.0,948.0,Yes
948,949,Susan,Gonzales,California,Female,949.0,949.0,949.0,Yes
949,950,Diane,Fox,Nebraska,Female,950.0,950.0,950.0,No
950,951,Billy,Gonzales,South Dakota,Male,951.0,951.0,951.0,No
951,952,Jean,Carr,North Dakota,Female,952.0,952.0,952.0,No
952,953,Jerry,Hanson,Texas,Male,953.0,953.0,953.0,Yes
953,954,Tammy,Parker,Connecticut,Female,954.0,954.0,954.0,Yes
954,955,Kathleen,Grant,Louisiana,Female,955.0,955.0,955.0,Yes
955,956,Anthony,Sanders,,Male,956.0,956.0,956.0,Yes
956,957,Justin,Lawrence,Florida,Male,957.0,957.0,957.0,No
957,958,Jacqueline,Day,Illinois,Female,958.0,958.0,958.0,Yes
958,959,Wayne,Sanchez,Texas,Male,959.0,959.0,959.0,Yes
959,960,Jerry,Washington,Nevada,Male,960.0,960.0,960.0,No
960,961,Louise,Brooks,Utah,Female,961.0,961.0,961.0,No
961,962,Dennis,Schmidt,New York,Male,962.0,962.0,962.0,Yes
962,963,Teresa,Olson,Florida,Female,963.0,963.0,963.0,Yes
963,964,Arthur,Hill,,Male,964.0,964.0,964.0,No
964,965,Craig,Rose,,Male,965.0,965.0,965.0,Yes
965,966,Rachel,Hawkins,Minnesota,Female,966.0,966.0,966.0,No
966,967,Edward,Warren,Florida,Male,967.0,967.0,967.0,No
967,968,Teresa,Fisher,North Carolina,Female,968.0,968.0,968.0,Yes
968,969,Jean,Gonzales,New York,Female,969.0,969.0,969.0,No
969,970,Susan,Nguyen,,Female,970.0,970.0,970.0,Yes
970,971,Michelle,Greene,Oklahoma,Female,971.0,971.0,971.0,Yes
971,972,Christopher,Stanley,Colorado,Male,972.0,972.0,972.0,No
972,973,Jeffrey,Mason,Georgia,Male,973.0,973.0,973.0,Yes
973,974,Phyllis,Smith,,Female,974.0,974.0,974.0,Yes
974,975,Jessica,Montgomery,Michigan,Female,975.0,975.0,975.0,No
975,976,Jessica,Wheeler,California,Female,976.0,976.0,976.0,Yes
976,977,Carl,Bryant,Ohio,Male,977.0,977.0,977.0,No
977,978,Wanda,Rivera,New York,Female,978.0,978.0,978.0,Yes
978,979,Betty,Reid,Delaware,Female,979.0,979.0,979.0,Yes
979,980,Ruby,Diaz,Ohio,Female,980.0,980.0,980.0,Yes
980,981,Thomas,Myers,Texas,Male,981.0,981.0,981.0,Yes
981,982,Jane,Sims,Texas,Female,982.0,982.0,982.0,No
982,983,Laura,Nelson,,Female,983.0,983.0,983.0,Yes
983,984,Jessica,Gonzales,Nevada,Female,984.0,984.0,984.0,No
984,985,Ralph,Freeman,California,Male,985.0,985.0,985.0,No
985,986,Jose,Jordan,Connecticut,Male,986.0,986.0,986.0,Yes
986,987,Andrea,Banks,California,Female,987.0,987.0,987.0,No
987,988,Gloria,Ross,Missouri,Female,988.0,988.0,988.0,Yes
988,989,Harry,Carr,Nebraska,Male,989.0,989.0,989.0,Yes
989,990,Anthony,Sanders,District of Columbia,Male,990.0,990.0,990.0,Yes
990,991,Ruby,King,California,Female,991.0,991.0,991.0,Yes
991,992,Deborah,King,New York,Female,992.0,992.0,992.0,Yes
992,993,Arthur,Green,Oklahoma,Male,993.0,993.0,993.0,Yes
993,994,Earl,Weaver,Ohio,Male,994.0,994.0,994.0,No
994,995,Ralph,Lopez,District of Columbia,Male,995.0,995.0,995.0,Yes
995,996,Frank,Stone,Louisiana,Male,996.0,996.0,996.0,Yes
996,997,Shirley,Garrett,Minnesota,Female,997.0,997.0,997.0,Yes
997,998,Jane,Rodriguez,Ohio,Female,998.0,998.0,998.0,Yes
998,999,Robin,George,California,Female,999.0,999.0,999.0,Yes
999,1000,Martin,Fowler,Texas,Male,1000.0,1000.0,1000.0,No
